category,priority,title,content_type,tip_card_count,lead_tip,file,primary_url,all_urls
sns,A,Austin Mann,actionable_tip_cards,4,여행지·풍경·건축물을 스마트폰으로 고급스럽게 찍을 때,raw/sns/austin_mann.md,https://iphonejack.pro/,https://iphonejack.pro/; https://santafeworkshops.com/instructors/austin-mann/; https://x.com/austinmann; https://www.instagram.com/austinmann/
sns,A,Tyler Stalman,actionable_tip_cards,4,"후보정을 크게 할 사진을 찍을 때 — 노을, 야경, 실내, 공연, 역광",raw/sns/tyler_stalman.md,https://stalman.com/course,https://stalman.com/course; https://stalman.com/blog/Blog%20Post%20Title%20One-w6jys-p6zsc-4bsax-kn6km-z67b5-erclk-fjace-wtbdn-nlynj; https://x.com/stalman; https://www.instagram.com/stalman/; https://www.youtube.com/@stalman
sns,A,iPhone Photography School / Emil Pakarklis,actionable_tip_cards,4,무엇을 찍어도 사진이 산만하고 초점/밝기가 흔들릴 때,raw/sns/iphone_photography_school_emil_pakarklis.md,https://iphonephotographyschool.com/about/,https://iphonephotographyschool.com/about/; https://iphonephotographyschool.com/instagram-tips/; https://www.tiktok.com/@iphonephotographyschool; https://www.youtube.com/@iphone_photography_school
sns,A,Pei Ketron,actionable_tip_cards,4,"후보정을 크게 할 사진을 찍을 때 — 노을, 야경, 실내, 공연, 역광",raw/sns/pei_ketron.md,https://santafeworkshops.com/workshop-categories/digital-printing/,https://santafeworkshops.com/workshop-categories/digital-printing/; https://santafeworkshops.com/workshop/pei-ketron/; https://www.instagram.com/pketron/
sns,A,Sam Youkilis,actionable_tip_cards,4,거리·여행·일상에서 순간을 놓치지 않고 찍을 때,raw/sns/sam_youkilis.md,https://www.minititle.com/sam-youkilis,https://www.minititle.com/sam-youkilis; https://www.vogue.com/article/sam-youkilis-presents-his-first-photo-book-somewhere-interview; https://www.instagram.com/samyoukilis/
sns,B,Yoni Mayeri,actionable_tip_cards,4,무엇을 찍어도 사진이 산만하고 초점/밝기가 흔들릴 때,raw/sns/yoni_mayeri.md,https://continuingstudies.stanford.edu/courses/detail/20252_PHOTO-32,https://continuingstudies.stanford.edu/courses/detail/20252_PHOTO-32; https://olli.berkeley.edu/sites/default/files/AR_2022_23_FINAL.pdf; https://olli.berkeley.edu/sites/default/files/course/documents/iphoneography_olli_syllabus_2021_summer.pdf; https://www.instagram.com/yoni_iphone_photography/
sns,A,Nicolai Ahn,actionable_tip_cards,4,스마트폰으로 자연스러운 인물 사진을 찍을 때,raw/sns/nicolai_ahn.md,https://nikolaiahn.com/,https://nikolaiahn.com/; https://www.vogue.co.kr/2024/04/12/%EC%95%A0%ED%94%8C%EA%B3%BC-7%EB%AA%85%EC%9D%98-%EC%9E%91%EA%B0%80%EA%B0%80-%EA%B7%B8%EB%A0%A4%EB%82%B8-%EC%82%AC%EC%A7%84%EC%9D%B4%EB%9D%BC%EB%8A%94-%EC%98%88%EC%88%A0%EC%9D%98-%ED%98%84%EC%A3%BC/; https://www.instagram.com/nikolaiahn/
sns,A,Brendan Ó Sé,actionable_tip_cards,4,거리·여행·일상에서 순간을 놓치지 않고 찍을 때,raw/sns/brendan_o_se.md,https://brendanose.com/instagram/,https://brendanose.com/instagram/; https://brendanose.com/shot-on-iphone-6-wins/; https://www.ippawards.com/2015-winning-photographers/; https://iphonephotographyschool.com/brendan-o-se/
sns,B,Dan Rubin,actionable_tip_cards,4,인스타그램·틱톡·블로그에 올릴 최종본을 만들 때,raw/sns/dan_rubin.md,https://www.skillshare.com/en/classes/learn-mobile-photo-editing-apps-for-beauty-and-efficiency/1195481754,https://www.skillshare.com/en/classes/learn-mobile-photo-editing-apps-for-beauty-and-efficiency/1195481754; https://www.instagram.com/danrubin/
sns,A,Jordi Koalitic / Koalitic Visuals,actionable_tip_cards,4,Jordi Koalitic/COOPH식 SNS용 창의적 트릭 사진을 만들 때,raw/sns/jordi_koalitic.md,https://www.digitalcameraworld.com/news/you-have-to-see-these-incredible-guitar-images-shot-on-a-smartphone-theyre-not-composites,https://www.digitalcameraworld.com/news/you-have-to-see-these-incredible-guitar-images-shot-on-a-smartphone-theyre-not-composites; https://english.elpais.com/culture/2023-03-05/how-to-get-the-most-out-of-cellphone-photo-editing-tips-from-professional-photographers.html; https://www.shutterbug.com/content/5-easy-smartphone-tricks-will-make-your-videos-go-viral; https://www.instagram.com/jordi.koalitic/; https://www.tiktok.com/@jordi.koalitic
sns,B,Benjamin Lowy,actionable_tip_cards,4,거리·여행·일상에서 순간을 놓치지 않고 찍을 때,raw/sns/benjamin_lowy.md,https://time.com/3426309/in-the-eye-of-the-storm-capturing-sandys-wrath/,https://time.com/3426309/in-the-eye-of-the-storm-capturing-sandys-wrath/; https://abcnews.go.com/blogs/technology/2012/11/iphone-photo-of-hurricane-sandy-makes-the-cover-of-time; https://www.dpreview.com/articles/8868846516/2012-the-year-in-mobile-photography
sns,B,Dimpy Bhalotia,actionable_tip_cards,4,빛·그림자·실루엣이 강한 장면을 작품처럼 만들 때,raw/sns/dimpy_bhalotia.md,https://www.ippawards.com/2020-winning-photographers/,https://www.ippawards.com/2020-winning-photographers/; https://www.washingtonpost.com/photography/2020/07/22/these-are-winners-13th-annual-iphone-photography-awards/; https://hypebeast.com/2020/7/apple-2020-iphone-photography-awards-winners-news; https://www.ippawards.com/
youtube,A,Adobe Lightroom YouTube,actionable_tip_cards,5,"후보정을 크게 할 사진을 찍을 때 — 노을, 야경, 실내, 공연, 역광",raw/youtube/adobe_lightroom_youtube.md,https://www.youtube.com/@Lightroom,https://www.youtube.com/@Lightroom; https://www.youtube.com/watch?v=F-_vxX29-sg; https://www.adobe.com/products/photoshop-lightroom/mobile.html; https://www.adobe.com/learn/lightroom-cc/web/lightroom-mobile-adjustments
youtube,A,iPhone Photography School YouTube,actionable_tip_cards,4,꽃·음식·제품·작은 디테일을 스마트폰으로 크게 찍을 때,raw/youtube/iphone_photography_school_youtube.md,https://www.youtube.com/@iphone_photography_school,https://www.youtube.com/@iphone_photography_school; https://www.youtube.com/watch?v=t7J5GFeIIoM; https://socialblade.com/youtube/c/emilpakarklis; https://www.shutterbug.com/content/using-iphones-night-mode-shoot-long-exposure-photos-video; https://www.shutterbug.com/content/7-smartphone-tips-shooting-photographs-will-make-you-proud-video
youtube,A,COOPH,actionable_tip_cards,4,Jordi Koalitic/COOPH식 SNS용 창의적 트릭 사진을 만들 때,raw/youtube/cooph_youtube.md,https://www.youtube.com/@TheCooph,https://www.youtube.com/@TheCooph; https://www.youtube.com/watch?v=VkdU5sZ_0hI; https://socialblade.com/youtube/c/thecooph/similarrank/views; https://www.shutterbug.com/content/heres-how-take-great-landscape-photos-your-smartphone-video; https://www.shutterbug.com/content/7-classic-smartphone-photography-tips-tricks-videos
youtube,A,Mango Street,actionable_tip_cards,4,"후보정을 크게 할 사진을 찍을 때 — 노을, 야경, 실내, 공연, 역광",raw/youtube/mango_street_youtube.md,https://www.youtube.com/@MangoStreet,https://www.youtube.com/@MangoStreet; https://www.youtube.com/watch?v=HjVUe98mG8E; https://www.youtube.com/watch?v=6TzYOXl7tBc; https://socialblade.com/youtube/c/mangostreet/similarrank/subscribers
youtube,B,Evan Ranft,actionable_tip_cards,4,"후보정을 크게 할 사진을 찍을 때 — 노을, 야경, 실내, 공연, 역광",raw/youtube/evan_ranft_youtube.md,https://www.youtube.com/@RanftEvan,https://www.youtube.com/@RanftEvan; https://www.youtube.com/watch?v=pnaSMvmlWnc; https://www.youtube.com/watch?v=87TEUKmnmcg; https://socialblade.com/youtube/handle/ranftevan/achievements
youtube,B,Jordi Koalitic YouTube / Shorts,actionable_tip_cards,4,Jordi Koalitic/COOPH식 SNS용 창의적 트릭 사진을 만들 때,raw/youtube/jordi_koalitic_youtube.md,https://www.shutterbug.com/content/5-easy-smartphone-tricks-will-make-your-videos-go-viral,https://www.shutterbug.com/content/5-easy-smartphone-tricks-will-make-your-videos-go-viral; https://www.digitalcameraworld.com/news/you-have-to-see-these-incredible-guitar-images-shot-on-a-smartphone-theyre-not-composites; https://www.youtube.com/@JordiKoalitic
youtube,B,Tyler Stalman YouTube,actionable_tip_cards,4,"후보정을 크게 할 사진을 찍을 때 — 노을, 야경, 실내, 공연, 역광",raw/youtube/tyler_stalman_youtube.md,https://www.youtube.com/@stalman,https://www.youtube.com/@stalman; https://stalman.com/course; https://www.instagram.com/stalman/
magazine,A,Apple Support — iPhone Night mode,actionable_tip_cards,3,아이폰으로 밤거리·실내 저조도·야경을 찍을 때,raw/magazine/apple_support_night_mode.md,https://support.apple.com/en-lamr/guide/iphone/iph1a3c5b4c3/ios,https://support.apple.com/en-lamr/guide/iphone/iph1a3c5b4c3/ios
magazine,B,Apple Support — Apple Intelligence in Photos,actionable_tip_cards,3,사진 속 작은 방해물·먼지·사람·쓰레기를 지우고 싶을 때,raw/magazine/apple_support_photos_ai.md,https://support.apple.com/guide/iphone/use-apple-intelligence-in-photos-iphf7de217f0/ios,https://support.apple.com/guide/iphone/use-apple-intelligence-in-photos-iphf7de217f0/ios
magazine,A,Google Blog — Pixel Camera Coach,actionable_tip_cards,3,무엇을 찍어도 사진이 산만하고 초점/밝기가 흔들릴 때,raw/magazine/google_pixel_camera_coach.md,https://blog.google/products/pixel/how-to-use-camera-coach/,https://blog.google/products/pixel/how-to-use-camera-coach/
magazine,B,Google Photos Help,actionable_tip_cards,3,사진 속 작은 방해물·먼지·사람·쓰레기를 지우고 싶을 때,raw/magazine/google_photos_help.md,https://support.google.com/photos,https://support.google.com/photos
magazine,A,Samsung Support — Camera modes and settings,actionable_tip_cards,5,달 촬영 — 사용자가 예시로 든 “10배 줌 + Pro mode” 케이스,raw/magazine/samsung_camera_modes_settings.md,https://www.samsung.com/us/support/answer/ANS10001353/,https://www.samsung.com/us/support/answer/ANS10001353/
magazine,A,Samsung Explore — Master low-light photography with Galaxy,actionable_tip_cards,5,밤 인물 + 빛 궤적 — Samsung Newsroom식 light drawing,raw/magazine/samsung_low_light_galaxy.md,https://www.samsung.com/us/explore/photography/master-low-light-photography-with-galaxy/,https://www.samsung.com/us/explore/photography/master-low-light-photography-with-galaxy/
magazine,A,Adobe Learn — Lightroom mobile adjustments,actionable_tip_cards,4,인물·제품은 살리고 배경은 정리하고 싶을 때,raw/magazine/adobe_lightroom_mobile_adjustments.md,https://www.adobe.com/learn/lightroom-cc/web/lightroom-mobile-adjustments,https://www.adobe.com/learn/lightroom-cc/web/lightroom-mobile-adjustments
magazine,A,National Geographic — Camera phone pictures,actionable_tip_cards,4,스마트폰으로 자연스러운 인물 사진을 찍을 때,raw/magazine/national_geographic_camera_phone.md,https://www.nationalgeographic.com/photography/article/camera-phone-photos,https://www.nationalgeographic.com/photography/article/camera-phone-photos
magazine,A,PetaPixel — 10 tips and tricks for better smartphone photos,actionable_tip_cards,4,여행지·풍경·건축물을 스마트폰으로 고급스럽게 찍을 때,raw/magazine/petapixel_10_smartphone_tips.md,https://petapixel.com/2023/01/03/10-tips-and-tricks-for-shooting-better-smartphone-photos/,https://petapixel.com/2023/01/03/10-tips-and-tricks-for-shooting-better-smartphone-photos/
magazine,B,TechRadar — Android phone photography tips,actionable_tip_cards,4,무엇을 찍어도 사진이 산만하고 초점/밝기가 흔들릴 때,raw/magazine/techradar_android_photography_tips.md,https://www.techradar.com/phones/supercharge-your-android-phone-photography-with-my-five-easy-tips,https://www.techradar.com/phones/supercharge-your-android-phone-photography-with-my-five-easy-tips
magazine,A,Digital Camera World — Mobile photography tips,actionable_tip_cards,4,무엇을 찍어도 사진이 산만하고 초점/밝기가 흔들릴 때,raw/magazine/digital_camera_world_mobile_tips.md,https://www.digitalcameraworld.com/tutorials/mobile-photography-tips,https://www.digitalcameraworld.com/tutorials/mobile-photography-tips
magazine,B,Amateur Photographer — Android camera photography tips,actionable_tip_cards,4,무엇을 찍어도 사진이 산만하고 초점/밝기가 흔들릴 때,raw/magazine/amateur_photographer_android_tips.md,https://amateurphotographer.com/technique/camera_skills/android-camera-photography-tips-68069,https://amateurphotographer.com/technique/camera_skills/android-camera-photography-tips-68069
magazine,B,TIME — Apple Instagram celebrates iPhone photographers,actionable_tip_cards,4,인스타그램·틱톡·블로그에 올릴 최종본을 만들 때,raw/magazine/time_apple_instagram_shot_on_iphone.md,https://time.com/4888318/apple-instagram-account/,https://time.com/4888318/apple-instagram-account/
magazine,B,EL PAÍS — Cellphone photo editing tips from professional photographers,actionable_tip_cards,4,사진 전체 필터가 아니라 특정 색만 고치고 싶을 때,raw/magazine/el_pais_cellphone_editing_tips.md,https://english.elpais.com/culture/2023-03-05/how-to-get-the-most-out-of-cellphone-photo-editing-tips-from-professional-photographers.html,https://english.elpais.com/culture/2023-03-05/how-to-get-the-most-out-of-cellphone-photo-editing-tips-from-professional-photographers.html
magazine,A,Vogue Korea — Apple and seven artists with iPhone 15 Pro Max,actionable_tip_cards,4,스마트폰으로 자연스러운 인물 사진을 찍을 때,raw/magazine/vogue_korea_apple_iphone15_artists.md,https://www.vogue.co.kr/2024/04/12/%EC%95%A0%ED%94%8C%EA%B3%BC-7%EB%AA%85%EC%9D%98-%EC%9E%91%EA%B0%80%EA%B0%80-%EA%B7%B8%EB%A0%A4%EB%82%B8-%EC%82%AC%EC%A7%84%EC%9D%B4%EB%9D%BC%EB%8A%94-%EC%98%88%EC%88%A0%EC%9D%98-%ED%98%84%EC%A3%BC/,https://www.vogue.co.kr/2024/04/12/%EC%95%A0%ED%94%8C%EA%B3%BC-7%EB%AA%85%EC%9D%98-%EC%9E%91%EA%B0%80%EA%B0%80-%EA%B7%B8%EB%A0%A4%EB%82%B8-%EC%82%AC%EC%A7%84%EC%9D%B4%EB%9D%BC%EB%8A%94-%EC%98%88%EC%88%A0%EC%9D%98-%ED%98%84%EC%A3%BC/
lightroom,A,Adobe Learn — AI-assisted masking in Lightroom Mobile,actionable_tip_cards,4,인물·제품은 살리고 배경은 정리하고 싶을 때,raw/lightroom/adobe_ai_assisted_masking_mobile.md,https://www.adobe.com/learn/lightroom-cc/web/ai-assisted-masking-lightroom-mobile,https://www.adobe.com/learn/lightroom-cc/web/ai-assisted-masking-lightroom-mobile
lightroom,A,Adobe Help — Masking in Lightroom for mobile iOS,actionable_tip_cards,3,인물·제품은 살리고 배경은 정리하고 싶을 때,raw/lightroom/adobe_masking_mobile_ios.md,https://helpx.adobe.com/lightroom-cc/using/masking-mobile-ios.html,https://helpx.adobe.com/lightroom-cc/using/masking-mobile-ios.html
lightroom,A,Adobe Learn — Streamline editing with presets on mobile,actionable_tip_cards,4,라이트룸 인기 프리셋/Community 편집을 내 사진에 적용할 때,raw/lightroom/adobe_presets_mobile_learn.md,https://www.adobe.com/learn/lightroom-cc/web/use-presets-in-lightroom-mobile,https://www.adobe.com/learn/lightroom-cc/web/use-presets-in-lightroom-mobile
lightroom,A,Adobe Help — Presets in Lightroom for mobile iOS,actionable_tip_cards,3,라이트룸 인기 프리셋/Community 편집을 내 사진에 적용할 때,raw/lightroom/adobe_presets_lightroom_ios.md,https://helpx.adobe.com/lightroom-cc/using/presets-lightroom-ios.html,https://helpx.adobe.com/lightroom-cc/using/presets-lightroom-ios.html
lightroom,A,Adobe Learn — Color adjustment on phone or tablet,actionable_tip_cards,3,사진 전체 필터가 아니라 특정 색만 고치고 싶을 때,raw/lightroom/adobe_color_adjustment_mobile.md,https://www.adobe.com/learn/lightroom-cc/web/color-adjustment,https://www.adobe.com/learn/lightroom-cc/web/color-adjustment
lightroom,A,"Adobe Help — Edit photos with presets, filters, local adjustments in Lightroom mobile iOS",actionable_tip_cards,5,"후보정을 크게 할 사진을 찍을 때 — 노을, 야경, 실내, 공연, 역광",raw/lightroom/adobe_edit_photos_mobile_ios.md,https://helpx.adobe.com/lightroom-cc/using/edit-photos-mobile-ios.html,https://helpx.adobe.com/lightroom-cc/using/edit-photos-mobile-ios.html
lightroom,A,Adobe Lightroom for mobile FAQ,actionable_tip_cards,3,"후보정을 크게 할 사진을 찍을 때 — 노을, 야경, 실내, 공연, 역광",raw/lightroom/adobe_lightroom_mobile_faq.md,https://helpx.adobe.com/mobile-apps/help/lightroom-mobile-faq.html,https://helpx.adobe.com/mobile-apps/help/lightroom-mobile-faq.html
lightroom,A,Adobe Help — In-app learning and inspiration / Community,actionable_tip_cards,3,라이트룸 인기글/Community에서 고수 보정법을 훔쳐 배우고 싶을 때,raw/lightroom/adobe_in_app_learning_community_ios.md,https://helpx.adobe.com/lightroom-cc/using/in-app-learning-ios.html,https://helpx.adobe.com/lightroom-cc/using/in-app-learning-ios.html
lightroom,B,PHLEARN — Lightroom Mobile beginner guide,actionable_tip_cards,4,"후보정을 크게 할 사진을 찍을 때 — 노을, 야경, 실내, 공연, 역광",raw/lightroom/phlearn_lightroom_mobile_beginner.md,https://phlearn.com/tutorial/intro-to-lightroom-mobile/,https://phlearn.com/tutorial/intro-to-lightroom-mobile/
lightroom,B,PetaPixel — Editing with masks in Lightroom Mobile,actionable_tip_cards,3,인물·제품은 살리고 배경은 정리하고 싶을 때,raw/lightroom/petapixel_masks_lightroom_mobile.md,https://petapixel.com/2022/02/28/how-to-edit-with-masks-in-lightroom-mobile/,https://petapixel.com/2022/02/28/how-to-edit-with-masks-in-lightroom-mobile/
lightroom,B,Envato Tuts+ — Shoot RAW with Lightroom Mobile DNG camera,actionable_tip_cards,3,"후보정을 크게 할 사진을 찍을 때 — 노을, 야경, 실내, 공연, 역광",raw/lightroom/envato_lightroom_mobile_dng_camera.md,https://photography.tutsplus.com/tutorials/how-to-shoot-raw-photos-with-lightroom-mobiles-camera--cms-37089,https://photography.tutsplus.com/tutorials/how-to-shoot-raw-photos-with-lightroom-mobiles-camera--cms-37089
lightroom,B,Fstoppers — Powerful edits anywhere with Lightroom Mobile,actionable_tip_cards,4,"후보정을 크게 할 사진을 찍을 때 — 노을, 야경, 실내, 공연, 역광",raw/lightroom/fstoppers_lightroom_mobile_powerful_edits.md,https://fstoppers.com/lightroom/unlock-powerful-photo-edits-anywhere-lightroom-mobile-696778,https://fstoppers.com/lightroom/unlock-powerful-photo-edits-anywhere-lightroom-mobile-696778
lightroom,B,Digital Camera World — Get started with Lightroom Mobile,actionable_tip_cards,4,"후보정을 크게 할 사진을 찍을 때 — 노을, 야경, 실내, 공연, 역광",raw/lightroom/digital_camera_world_get_started_lightroom_mobile.md,https://www.digitalcameraworld.com/tutorials/get-started-with-lightroom-mobile,https://www.digitalcameraworld.com/tutorials/get-started-with-lightroom-mobile
magazine,A,Sony Support — Photography Pro modes on Xperia,actionable_tip_cards,3,움직이는 피사체는 S mode 우선,raw/magazine/sony_photography_pro_modes.md,https://www.sony.com/electronics/support/articles/00246274,https://www.sony.com/electronics/support/articles/00246274
magazine,A,Xiaomi Support — What is phone camera Pro mode,actionable_tip_cards,3,Pro mode 핵심 항목(WB/F/S/ISO/EV/LENS/Metering) 이해,raw/magazine/xiaomi_phone_pro_mode.md,https://www.mi.com/uk/support/article/KA-36371/,https://www.mi.com/uk/support/article/KA-36371/
magazine,A,YouTube Help — Shorts creation and upload specs,actionable_tip_cards,3,세로/정사각 비율과 길이 조건 먼저 고정,raw/magazine/youtube_shorts_specs.md,https://support.google.com/youtube/answer/10059070,https://support.google.com/youtube/answer/10059070; https://support.google.com/youtube/answer/15424877
hourly,B,Hourly SNS/Community Photo Technique Sweep — 2026-04-18 22:24 KST,actionable_tip_cards,3,저조도 SNS 사진에서 흔들림·노이즈 줄이기,raw/hourly/2026-04-18-2224-made-quick-breakdown-edit-moody-night-photos-lightroom-tips.md,https://www.reddit.com/r/Lightroom/comments/1snasfb/i_made_a_quick_breakdown_of_how_i_edit_moody,https://www.reddit.com/r/Lightroom/comments/1snasfb/i_made_a_quick_breakdown_of_how_i_edit_moody; https://www.reddit.com/r/AskPhotography/comments/1sotcde/how_to_achive_this_extreme_level_of_macro; https://petapixel.com/2026/04/17/8-astrophotography-lessons-the-beginner-guides-leave-out
hourly,B,Hourly SNS/Community Photo Technique Sweep — 2026-04-18 22:26 KST,actionable_tip_cards,3,스마트폰 사진 트렌드 신호를 실전 레시피로 변환,raw/hourly/2026-04-18-2226-proper-camera-settings-travel-street-photography.md,https://fstoppers.com/travel/proper-camera-settings-travel-and-street-photography-901681,https://fstoppers.com/travel/proper-camera-settings-travel-and-street-photography-901681; https://digital-photography-school.com/10-composition-mistakes-that-are-quietly-ruining-your-photos-and-how-to-fix-them; https://news.google.com/rss/articles/CBMi5wFBVV95cUxNdG9NemdITHRRQUYxYjRZRjBPQU1ZbnlzZENGaW1PNWl1SXU2eHAxa0dyVVBidHJhclhtOFpTbm8tWnFIQXh1UGg1UHR3NEk4cXhTTkFjZ2lFdDRDQzZ3cFVYTlRlMlhiLVRlejVTTnZmWGpUUnBvdG9CamwyLXBwNm1jVHB0RnM2eDkyVnBDZU5rcnRFNGptSTlmLVBtaWhfUDhLM0l1Tmw1MEhZTnlCdHJoYTl4MGx0T0w5MlZWS1RiSEJjU2VPSmpvVmtiR2h2ODBOUjFCVFdrUldmZnJNc2tjb0NKOTA?oc=5
hourly,B,Hourly SNS/Community Photo Technique Sweep — 2026-04-18 15:00 UTC,actionable_tip_cards,3,Lightroom Mobile 마스크·색보정으로 과보정 줄이기,raw/hourly/2026-04-18-1500-achieve-glowy-creamy-skin-tones-these-types-edits.md,https://www.reddit.com/r/Lightroom/comments/1slp1io/how_to_achieve_glowy_creamy_skin_tones_and_these,https://www.reddit.com/r/Lightroom/comments/1slp1io/how_to_achieve_glowy_creamy_skin_tones_and_these; https://www.reddit.com/r/AskPhotography/comments/1soy29y/how_to_edit_this_photo; https://www.reddit.com/r/iPhoneography/comments/1sotkh6/iphone_17_pro_max_main_camera_lens
hourly,B,Hourly SNS/Community Photo Technique Sweep — 2026-04-18 15:55 UTC,actionable_tip_cards,3,Lightroom Mobile 마스크·색보정으로 과보정 줄이기,raw/hourly/2026-04-18-1555-confused-about-masking-refining-selections.md,https://www.reddit.com/r/Lightroom/comments/1sledk1/confused_about_masking_refining_selections,https://www.reddit.com/r/Lightroom/comments/1sledk1/confused_about_masking_refining_selections; https://www.reddit.com/r/postprocessing/comments/1somxjo/beforeafter_bnw_edit; https://www.reddit.com/r/AskPhotography/comments/1soz36w/would_someone_be_able_to_tell_me_more_about_a
hourly,B,Hourly SNS/Community Photo Technique Sweep — 2026-04-18 16:59 UTC,actionable_tip_cards,3,Lightroom Mobile 마스크·색보정으로 과보정 줄이기,raw/hourly/2026-04-18-1659-batch-auto-upright-auto-settings-tone-color-selected-photos.md,https://www.reddit.com/r/Lightroom/comments/1sjrk97/batch_auto_upright_auto_settings_tonecolor_for,https://www.reddit.com/r/Lightroom/comments/1sjrk97/batch_auto_upright_auto_settings_tonecolor_for; https://www.reddit.com/r/AskPhotography/comments/1sp1fyk/asked_to_shoot_a_wedding_as_a_favour; https://www.reddit.com/r/mobilephotography/comments/1sontoi/raw_photos_with_edit_on_adobe_lightroommoto_edge
hourly,B,Hourly SNS/Community Photo Technique Sweep — 2026-04-18 17:54 UTC,actionable_tip_cards,3,저조도 SNS 사진에서 흔들림·노이즈 줄이기,raw/hourly/2026-04-18-1754-it-possible-make-flagged-picked-photos-visibly-distinct-from-unflagged.md,https://www.reddit.com/r/Lightroom/comments/1smjfk8/is_it_possible_to_make_flaggedpicked_photos,https://www.reddit.com/r/Lightroom/comments/1smjfk8/is_it_possible_to_make_flaggedpicked_photos; https://www.reddit.com/r/AskPhotography/comments/1sp0zgk/type_of_camera_for_mid_level_photographer_that; https://digital-photography-school.com/how-to-create-your-own-lightroom-presets
hourly,B,Hourly SNS/Community Photo Technique Sweep — 2026-04-18 19:10 UTC,actionable_tip_cards,3,스마트폰 사진 트렌드 신호를 실전 레시피로 변환,raw/hourly/2026-04-18-1910-camera-advice-aero-photography.md,https://www.reddit.com/r/AskPhotography/comments/1soiw60/camera_advice_for_aero_photography,https://www.reddit.com/r/AskPhotography/comments/1soiw60/camera_advice_for_aero_photography; https://www.reddit.com/r/Lightroom/comments/1sk5y18/boring_backgrounds_skies; https://fstoppers.com/lightroom/10-lightroom-secrets-will-change-how-edit-photos-901713
hourly,B,Hourly SNS/Community Photo Technique Sweep — 2026-04-18 19:54 UTC,actionable_tip_cards,3,Lightroom Mobile 마스크·색보정으로 과보정 줄이기,raw/hourly/2026-04-18-1954-real-ai-denoise-ever-coming-back.md,https://www.reddit.com/r/Lightroom/comments/1sju582/is_the_real_ai_denoise_ever_coming_back,https://www.reddit.com/r/Lightroom/comments/1sju582/is_the_real_ai_denoise_ever_coming_back; https://digital-photography-school.com/6-tips-for-photographing-dogs-in-action; https://www.reddit.com/r/postprocessing/comments/1sp0ixw/before_after_tried_changing_the_colors_into_a
hourly,B,Hourly SNS/Community Photo Technique Sweep — 2026-04-18 20:54 UTC,actionable_tip_cards,3,망원·매크로 자동 전환을 통제해 디테일 살리기,raw/hourly/2026-04-18-2054-my-budget-2800-including-body-lenses-uk-pounds-sterling-budget-include.md,https://www.reddit.com/r/AskPhotography/comments/1sp29n9/1_my_budget_is_2800_including_body_and_lenses_uk,https://www.reddit.com/r/AskPhotography/comments/1sp29n9/1_my_budget_is_2800_including_body_and_lenses_uk; https://www.reddit.com/r/postprocessing/comments/1soyj7j/how_is_this_edit_beforeafter; https://www.reddit.com/r/Lightroom/comments/1snclmr/hdr_merge_hdr_edit
hourly,B,Hourly SNS/Community Photo Technique Sweep — 2026-04-18 21:51 UTC,actionable_tip_cards,3,Lightroom Mobile 마스크·색보정으로 과보정 줄이기,raw/hourly/2026-04-18-2151-need-help-after-before.md,https://www.reddit.com/r/postprocessing/comments/1sp8yx2/need_help_afterbefore,https://www.reddit.com/r/postprocessing/comments/1sp8yx2/need_help_afterbefore; https://www.reddit.com/r/AskPhotography/comments/1sp8y6e/what_app_do_you_use_for_photo_editing_on_an; https://fstoppers.com/reviews/one-year-gfx-100rf-two-repairs-mixed-autofocus-and-still-worth-it-901711
hourly,B,Hourly SNS/Community Photo Technique Sweep — 2026-04-18 22:56 UTC,actionable_tip_cards,3,AI 보정/제거 기능을 티 나지 않게 쓰는 안전선,raw/hourly/2026-04-18-2256-what-setup-shall-use-portraits.md,https://www.reddit.com/r/AskPhotography/comments/1sozoep/what_setup_shall_i_use_for_portraits,https://www.reddit.com/r/AskPhotography/comments/1sozoep/what_setup_shall_i_use_for_portraits; https://www.reddit.com/r/postprocessing/comments/1sol2t8/skiing_beforeafter; https://www.reddit.com/r/Lightroom/comments/1sk6cp6/whats_actually_in_your_daytoday_photography_setup
hourly,B,Hourly SNS/Community Photo Technique Sweep — 2026-04-18 23:52 UTC,actionable_tip_cards,3,저조도 SNS 사진에서 흔들림·노이즈 줄이기,raw/hourly/2026-04-18-2352-practically-apply-hyperfocal-distance-when-you-re-actually-out-shootin.md,https://www.reddit.com/r/AskPhotography/comments/1spbfw4/how_to_practically_apply_hyperfocal_distance_when,https://www.reddit.com/r/AskPhotography/comments/1spbfw4/how_to_practically_apply_hyperfocal_distance_when; https://fstoppers.com/video-editing/adobe-announces-frameio-drive-streamline-video-sharing-among-creatives-901682; https://www.reddit.com/r/postprocessing/comments/1sp0oje/beforeafter_this_is_my_personal_favorite
hourly,B,Hourly SNS/Community Photo Technique Sweep — 2026-04-19 03:50 UTC,actionable_tip_cards,3,저조도 SNS 사진에서 흔들림·노이즈 줄이기,raw/hourly/2026-04-19-0350-do-make-my-event-photography-look-less-flat.md,https://www.reddit.com/r/AskPhotography/comments/1spc7nd/how_do_i_make_my_event_photography_look_less_flat,https://www.reddit.com/r/AskPhotography/comments/1spc7nd/how_do_i_make_my_event_photography_look_less_flat; https://www.reddit.com/r/postprocessing/comments/1spgdak/birdie_in_butterfly_house_beforeafter; https://www.reddit.com/r/iPhoneography/comments/1sp2rkr/casually_show_a_short_on_youtube_on_how_to_get
hourly,B,Hourly SNS/Community Photo Technique Sweep — 2026-04-19 06:09 UTC,actionable_tip_cards,3,저조도 SNS 사진에서 흔들림·노이즈 줄이기,raw/hourly/2026-04-19-0609-light-backdrop.md,https://www.reddit.com/r/AskPhotography/comments/1spe9zj/how_to_light_a_backdrop,https://www.reddit.com/r/AskPhotography/comments/1spe9zj/how_to_light_a_backdrop; https://www.reddit.com/r/iPhoneography/comments/1spjx96/jpeg_straight_out_the_camera; https://fstoppers.com/gear/9-things-i-wish-i-knew-i-bought-my-first-serious-camera-901254
hourly,B,Hourly SNS/Community Photo Technique Sweep — 2026-04-19 07:47 UTC,actionable_tip_cards,3,AI 보정/제거 기능을 티 나지 않게 쓰는 안전선,raw/hourly/2026-04-19-0747-sony-fdr-ax53-touchscreen-not-working-any-help.md,https://www.reddit.com/r/AskPhotography/comments/1sp493l/sony_fdrax53_touchscreen_not_working_any_help,https://www.reddit.com/r/AskPhotography/comments/1sp493l/sony_fdrax53_touchscreen_not_working_any_help; https://fstoppers.com/documentary/monster-house-effect-how-find-narrative-ordinary-ruins-900225; https://www.reddit.com/r/iPhoneography/comments/1sp4p2f/shot_on_iphone_12
hourly,B,Hourly SNS/Community Photo Technique Sweep — 2026-04-19 09:07 UTC,actionable_tip_cards,3,스마트폰 사진 트렌드 신호를 실전 레시피로 변환,raw/hourly/2026-04-19-0907-go-about-looking-photographer-music-album-shoot.md,https://www.reddit.com/r/AskPhotography/comments/1sp5x1h/how_to_go_about_looking_for_a_photographer_for_a,https://www.reddit.com/r/AskPhotography/comments/1sp5x1h/how_to_go_about_looking_for_a_photographer_for_a; https://www.reddit.com/r/mobilephotography/comments/1sozs9d/struggling_with_phone_photography_redmi_14c_5g_is; https://www.reddit.com/r/Lightroom/comments/1sozp1k/i_need_a_new_hdr_capable_monitor_suggestions
hourly,B,Hourly SNS/Community Photo Technique Sweep — 2026-04-19 10:02 UTC,actionable_tip_cards,3,저조도 SNS 사진에서 흔들림·노이즈 줄이기,raw/hourly/2026-04-19-1002-any-recommendations-cameras-shoot-lower-light-environments.md,https://www.reddit.com/r/AskPhotography/comments/1splou1/any_recommendations_for_cameras_to_shoot_lower,https://www.reddit.com/r/AskPhotography/comments/1splou1/any_recommendations_for_cameras_to_shoot_lower; https://www.reddit.com/r/Lightroom/comments/1sjrioh/help_with_performance_issues_in_lrc; https://digital-photography-school.com/raw-vs-jpeg-whats-the-difference-and-which-should-you-be-shooting
hourly,B,Hourly SNS/Community Photo Technique Sweep — 2026-04-19 11:01 UTC,actionable_tip_cards,3,AI 보정/제거 기능을 티 나지 않게 쓰는 안전선,raw/hourly/2026-04-19-1101-need-help-identifying-lens-mount-could-anyone-assist.md,https://www.reddit.com/r/AskPhotography/comments/1spf9nj/need_help_identifying_lens_mount_could_anyone,https://www.reddit.com/r/AskPhotography/comments/1spf9nj/need_help_identifying_lens_mount_could_anyone; https://petapixel.com/2026/04/19/how-to-make-your-photos-more-meaningful; https://www.reddit.com/r/Lightroom/comments/1sjl4ki/lightroom_1tb_and_classic
hourly,B,Hourly SNS/Community Photo Technique Sweep — 2026-04-19 11:51 UTC,actionable_tip_cards,3,Lightroom Mobile 마스크·색보정으로 과보정 줄이기,raw/hourly/2026-04-19-1151-make-more-film-edit.md,https://www.reddit.com/r/postprocessing/comments/1sppj10/how_to_make_this_more_film_in_edit,https://www.reddit.com/r/postprocessing/comments/1sppj10/how_to_make_this_more_film_in_edit; https://www.reddit.com/r/iPhoneography/comments/1spp89s/photos_of_the_night_sky_captured_using_a_iphone; https://www.reddit.com/r/AskPhotography/comments/1spal7p/is_the_nikon_z50ii_a_good_first_camera_or_are
hourly,B,Hourly SNS/Community Photo Technique Sweep — 2026-04-19 13:35 UTC,actionable_tip_cards,3,AI 보정/제거 기능을 티 나지 않게 쓰는 안전선,raw/hourly/2026-04-19-1335-can-you-remove-ir-filter-camera-sensor-then-use-lens-filter-block-ir-e.md,https://www.reddit.com/r/AskPhotography/comments/1sps52x/can_you_remove_the_ir_filter_on_a_camera_sensor,https://www.reddit.com/r/AskPhotography/comments/1sps52x/can_you_remove_the_ir_filter_on_a_camera_sensor; https://digital-photography-school.com/five-useful-lightroom-keyboard-shortcuts; https://www.reddit.com/r/postprocessing/comments/1sp4hxx/why_is_this_happening
hourly,B,Hourly SNS/Community Photo Technique Sweep — 2026-04-19 14:59 UTC,actionable_tip_cards,3,스마트폰 사진 트렌드 신호를 실전 레시피로 변환,raw/hourly/2026-04-19-1459-best-camera-settings-advice-keeping-your-photography-mediocre.md,https://fstoppers.com/education/best-camera-settings-advice-thats-keeping-your-photography-mediocre-901725,https://fstoppers.com/education/best-camera-settings-advice-thats-keeping-your-photography-mediocre-901725; https://www.reddit.com/r/AskPhotography/comments/1spu4pg/what_are_these_splotches_on_my_film_is_this_a; https://www.reddit.com/r/postprocessing/comments/1spt281/beforeafter_tried_messing_around_a_bit_on
hourly,B,Hourly SNS/Community Photo Technique Sweep — 2026-04-19 15:55 UTC,actionable_tip_cards,3,AI 보정/제거 기능을 티 나지 않게 쓰는 안전선,raw/hourly/2026-04-19-1555-have-fungus-my-canon-digital-95-lens-can-someone-help-me-fix-it-am-out.md,https://www.reddit.com/r/AskPhotography/comments/1spuskh/i_have_fungus_in_my_canon_digital_95_is_lens_can,https://www.reddit.com/r/AskPhotography/comments/1spuskh/i_have_fungus_in_my_canon_digital_95_is_lens_can; https://www.reddit.com/r/postprocessing/comments/1spv5aa/critique_my_editing; https://www.reddit.com/r/iPhoneography/comments/1sp8498/iphone_17pro_edit_lightroom
hourly,B,Hourly SNS/Community Photo Technique Sweep — 2026-04-19 16:59 UTC,actionable_tip_cards,3,RAW/Pro mode로 후보정 여지 확보하기,raw/hourly/2026-04-19-1659-properly-care-camera-ensure-its-longevity.md,https://www.reddit.com/r/AskPhotography/comments/1spwi6a/how_to_properly_care_for_a_camera_to_ensure_its,https://www.reddit.com/r/AskPhotography/comments/1spwi6a/how_to_properly_care_for_a_camera_to_ensure_its; https://www.reddit.com/r/Lightroom/comments/1sobgxa/failed_to_generate_firefly_link; https://fstoppers.com/business/10-things-go-wrong-during-client-consultation-and-how-redirect-each-one-901248
hourly,B,Hourly SNS/Community Photo Technique Sweep — 2026-04-19 17:54 UTC,actionable_tip_cards,3,Lightroom Mobile 마스크·색보정으로 과보정 줄이기,raw/hourly/2026-04-19-1754-before-after-after-really-good-feedback-received-my-last-post-have-dec.md,https://www.reddit.com/r/postprocessing/comments/1spy6sk/beforeafter_after_the_really_good_feedback_i,https://www.reddit.com/r/postprocessing/comments/1spy6sk/beforeafter_after_the_really_good_feedback_i; https://www.reddit.com/r/AskPhotography/comments/1sprodz/first_wildlife_setup; https://www.reddit.com/r/iPhoneography/comments/1spub1f/iphone_16_pro_no_editing_maybe_one_of_the_best
hourly,B,Hourly SNS/Community Photo Technique Sweep — 2026-04-19 19:10 UTC,actionable_tip_cards,3,AI 보정/제거 기능을 티 나지 않게 쓰는 안전선,raw/hourly/2026-04-19-1910-photographers-who-despise-post-processing-do-you-cope.md,https://www.reddit.com/r/AskPhotography/comments/1sq0mb7/photographers_who_despise_post_processing_how_do,https://www.reddit.com/r/AskPhotography/comments/1sq0mb7/photographers_who_despise_post_processing_how_do; https://petapixel.com/2026/04/19/sirui-unveils-ultra-wide-and-telephoto-vp-1-lenses-for-full-frame-mirrorless-cameras; https://www.reddit.com/r/postprocessing/comments/1sq0w8y/after_before_used_snapseed_for_editing
hourly,B,Hourly SNS/Community Photo Technique Sweep — 2026-04-19 19:55 UTC,actionable_tip_cards,3,AI 보정/제거 기능을 티 나지 않게 쓰는 안전선,raw/hourly/2026-04-19-1955-take-better-pregnancy-photos.md,https://www.reddit.com/r/AskPhotography/comments/1sq19ph/how_to_take_better_pregnancy_photos,https://www.reddit.com/r/AskPhotography/comments/1sq19ph/how_to_take_better_pregnancy_photos; https://fstoppers.com/reviews/ulanzi-d200x-and-dial-review-can-they-improve-your-editing-workflow-900870; https://www.reddit.com/r/mobilephotography/comments/1spp4lp/water_in_tivoli_s10
